{"pxuv01": [0.24263058919008104, 0.19167438888548533], "pxuv02": [0.24263058919008104, 0.19167438888548533], "pxuv03": [0.24263058919008104, 0.19167438888548533], "pxuv04": [0.24263058919008104, 0.19167438888548533], "pxuv05": [0.24263058919008104, 0.19167438888548533], "pxuv06": [0.24263058919008104, 0.19167438888548533], "pxuv07": [0.24263058919008104, 0.19167438888548533], "pxuv08": [0.24263058919008104, 0.19167438888548533], "pxuv09": [0.24263058919008104, 0.19167438888548533], "pxuv10": [0.24263058919008104, 0.19167438888548533], "pxuv11": [0.24263058919008104, 0.19167438888548533], "pxuv12": [0.24263058919008104, 0.19167438888548533], "pxuv13": [0.24263058919008104, 0.19167438888548533], "pxuv14": [0.24263058919008104, 0.19167438888548533], "pxuv15": [0.24263058919008104, 0.19167438888548533], "pxuv16": [0.24263058919008104, 0.19167438888548533], "ip": [438456.35188559565, 91414.3638358786], "v_loop": [0.24150001000393773, 0.2895340821692215], "dy": [-0.00587942382927218, 0.02413345151348554], "ip_error": [704.6676150375607, 1985.5237852492312], "saddle_bc": [0.001015791900706303, 0.0016241863478083697], "saddle_de": [0.0011802129152073508, 0.0019277645669172527], "saddle_jk": [0.0007445695197797475, 0.0013115719083017683], "saddle_lm": [0.0010741661763334432, 0.0016180436105960902], "ne": [1.2886342597773022, 0.5913856847098685]}